pdb_id,path,format,chain,seqres_len,ligands_global,ligands_er_chain,comments
8AM7,data set/pdb/8am7.pdb,pdb,B,5,MRF;TPO,TPO,inconsistent structure
8ALR,data set/pdb/8alr.pdb,pdb,B,5,MVU;TPO,TPO,inconsistent structure
5HYR,data set/pdb/5hyr.pdb,pdb,A,258,66D;EST;MK8;NH2,EST,
7RKE,data set/pdb/7rke.pdb,pdb,A,250,5VP,5VP,
3L03,data set/pdb/3l03.pdb,pdb,A,253,4OH;CME,4OH;CME,
4IV4,data set/pdb/4iv4.pdb,pdb,A,247,1GS,1GS,
4IWF,data set/pdb/4iwf.pdb,pdb,A,247,15Q,15Q,
1GWR,data set/pdb/1gwr.pdb,pdb,A,245,EST,EST,
8B39,data set/pdb/8b39.pdb,pdb,B,5,OT0;TPO,TPO,inconsistent structure
6B0F,data set/pdb/6b0f.pdb,pdb,A,254,C6V,C6V,
1G50,data set/pdb/1g50.pdb,pdb,A,247,EST,EST,
7QVL,data set/pdb/7qvl.pdb,pdb,A,252,GZI,GZI,
5KRA,data set/pdb/5kra.pdb,pdb,A,257,6WS;6WT,6WS,
4JDD,data set/pdb/4jdd.pdb,pdb,B,11,FSC;TPO,TPO,inconsistent structure
1L2I,data set/pdb/1l2i.pdb,pdb,A,261,CCS;ETC,CCS;ETC,
5DZ3,data set/pdb/5dz3.pdb,pdb,A,257,5JX,5JX,
5DXM,data set/pdb/5dxm.pdb,pdb,A,257,5J0,5J0,
2Q6J,data set/pdb/2q6j.pdb,pdb,A,258,A48,A48,
7RS4,data set/pdb/7rs4.pdb,pdb,A,257,7I0;YCM,7I0;YCM,
6CZN,data set/pdb/6czn.pdb,pdb,A,257,FNJ,FNJ,
6V8T,data set/pdb/6v8t.pdb,pdb,A,262,C6V,C6V,
6V87,data set/pdb/6v87.pdb,pdb,A,262,OHT,OHT,
7BA8,data set/pdb/7ba8.pdb,pdb,B,8,T6H;TPO,TPO,inconsistent structure
5DUH,data set/pdb/5duh.pdb,pdb,A,257,5FT,5FT,
5DVS,data set/pdb/5dvs.pdb,pdb,A,257,5G7,5G7,
8AU2,data set/pdb/8au2.pdb,pdb,B,5,O3O;TPO,TPO,inconsistent structure
8AUS,data set/pdb/8aus.pdb,pdb,B,5,O3F;TPO,TPO,inconsistent structure
5DZ1,data set/pdb/5dz1.pdb,pdb,A,257,5JY,5JY,
7N9O,data set/pdb/7n9o.pdb,pdb,A,249,5YR,5YR,
7Y8F,data set/pdb/7y8f.pdb,pdb,A,260,IC7,,
1GWQ,data set/pdb/1gwq.pdb,pdb,A,248,ZTW,ZTW,
2I0J,data set/pdb/2i0j.pdb,pdb,A,244,I0G,I0G,
5KRC,data set/pdb/5krc.pdb,pdb,A,257,ZER,ZER,
1R5K,data set/pdb/1r5k.pdb,pdb,A,261,GW5,GW5,
4TV1,data set/pdb/4tv1.pdb,pdb,A,251,36M;CSO,36M;CSO,
7OQ8,data set/pdb/7oq8.pdb,pdb,B,15,0B7;CME;TPO,TPO,inconsistent structure
4AA6,data set/pdb/4aa6.pdb,pdb,A,71,ZN,ZN,dna based
5E0X,data set/pdb/5e0x.pdb,pdb,A,257,5KD,5KD,
5EI1,data set/pdb/5ei1.pdb,pdb,A,257,5OR,5OR,
5KD9,data set/pdb/5kd9.pdb,pdb,A,257,OBT,OBT,
4ZN9,data set/pdb/4zn9.pdb,pdb,A,259,OBH,OBH,
3CBP,data set/pdb/3cbp.pdb,pdb,B,10,SFG,,inconsistent structure
2YAT,data set/pdb/2yat.pdb,pdb,A,252,EEU;EU,EEU;EU,
7Y8G,data set/pdb/7y8g.pdb,pdb,A,260,IAT,IAT,
8AXU,data set/pdb/8axu.pdb,pdb,B,5,O6L;TPO,TPO,inconsistent structure
5DZ0,data set/pdb/5dz0.pdb,pdb,A,257,5K0,5K0,
4IVW,data set/pdb/4ivw.pdb,pdb,A,247,1GJ,1GJ,
7RS7,data set/pdb/7rs7.pdb,pdb,A,257,73I;YCM,73I;YCM,
7BA9,data set/pdb/7ba9.pdb,pdb,B,8,T6N;TPO,TPO,inconsistent structure
7B9T,data set/pdb/7b9t.pdb,pdb,B,8,T4Z;TPO,TPO,inconsistent structure
8ALT,data set/pdb/8alt.pdb,pdb,B,5,MU9;TPO,TPO,inconsistent structure
6HHP,data set/pdb/6hhp.pdb,pdb,B,8,G4Z;TPO,TPO,inconsistent structure
5DWE,data set/pdb/5dwe.pdb,pdb,A,257,5G5,5G5,
5DVV,data set/pdb/5dvv.pdb,pdb,A,257,5G6,5G6,
7RS3,data set/pdb/7rs3.pdb,pdb,A,257,7OR;CYS;SER;TYR;YCM,7OR;YCM,
1SJ0,data set/pdb/1sj0.pdb,pdb,A,248,E4D,E4D,
4PXM,data set/pdb/4pxm.pdb,pdb,A,271,EST,EST,
6OWC,data set/pdb/6owc.pdb,pdb,A,258,ND1,ND1,
5DY8,data set/pdb/5dy8.pdb,pdb,A,257,5K4,5K4,
6D0F,data set/pdb/6d0f.pdb,pdb,A,250,FYS,FYS,
4IV2,data set/pdb/4iv2.pdb,pdb,A,247,1GR,1GR,
2QA8,data set/pdb/2qa8.pdb,pdb,A,258,CME;GEN,CME;GEN,
4IW6,data set/pdb/4iw6.pdb,pdb,A,247,1GU,1GU,
7MSA,data set/pdb/7msa.pdb,pdb,A,280,G9J;ZNM,ZNM,
5KRF,data set/pdb/5krf.pdb,pdb,A,257,6WL,6WL,
5EIT,data set/pdb/5eit.pdb,pdb,A,257,5P1,5P1,
2LLO,data set/pdb/2llo.pdb,pdb,B,19,,,inconsistent structure
5E19,data set/pdb/5e19.pdb,pdb,A,257,5K7,5K7,
7QVJ,data set/pdb/7qvj.pdb,pdb,A,252,H09,H09,
5DXK,data set/pdb/5dxk.pdb,pdb,A,257,5J1,5J1,
4IUI,data set/pdb/4iui.pdb,pdb,A,247,1GQ,1GQ,
6DF6,data set/pdb/6df6.pdb,pdb,A,280,G8Y,G8Y,
7RS2,data set/pdb/7rs2.pdb,pdb,A,260,7I5;YCM,7I5;YCM,
2QXM,data set/pdb/2qxm.pdb,pdb,A,258,PIQ,PIQ,
8AOY,data set/pdb/8aoy.pdb,pdb,B,5,N0L;TPO,TPO,inconsistent structure
6SQ0,data set/pdb/6sq0.pdb,pdb,A,252,LRQ,LRQ,
8ALW,data set/pdb/8alw.pdb,pdb,B,5,MVO;TPO,TPO,inconsistent structure
1A52,data set/pdb/1a52.pdb,pdb,A,258,EST,EST,
8AV8,data set/pdb/8av8.pdb,pdb,B,5,O4R;TPO,TPO,inconsistent structure
7RS0,data set/pdb/7rs0.pdb,pdb,A,257,7I9;YCM,7I9;YCM,
4IWC,data set/pdb/4iwc.pdb,pdb,A,247,1GV,1GV,
8AXE,data set/pdb/8axe.pdb,pdb,B,5,ODC;TPO,TPO,inconsistent structure
7YMK,data set/pdb/7ymk.pdb,pdb,A,260,IX0,,
4ZNH,data set/pdb/4znh.pdb,pdb,A,259,OBC,OBC,
4TUZ,data set/pdb/4tuz.pdb,pdb,A,255,36J;CSO,36J;CSO,
7T2X,data set/pdb/7t2x.pdb,pdb,A,261,EMY,EMY,
6CBZ,data set/pdb/6cbz.pdb,pdb,A,250,EST;SCH,EST;SCH,
8ATP,data set/pdb/8atp.pdb,pdb,B,5,O0O;TPO,TPO,inconsistent structure
7RS1,data set/pdb/7rs1.pdb,pdb,A,257,7Q5;YCM,7Q5;YCM,
5DWG,data set/pdb/5dwg.pdb,pdb,A,257,5G4,5G4,
8ALV,data set/pdb/8alv.pdb,pdb,B,5,MV3;TPO,TPO,inconsistent structure
7B9R,data set/pdb/7b9r.pdb,pdb,B,8,T4Q;TPO,TPO,inconsistent structure
5TLV,data set/pdb/5tlv.pdb,pdb,A,257,7ES,7ES,
8DU6,data set/pdb/8du6.pdb,pdb,A,255,TQF,TQF,
5TMR,data set/pdb/5tmr.pdb,pdb,A,257,7FD,7FD,
5TM3,data set/pdb/5tm3.pdb,pdb,A,257,7EN,7EN,
2JF9,data set/pdb/2jf9.pdb,pdb,A,252,BCT;OHT,BCT;OHT,
8ARW,data set/pdb/8arw.pdb,pdb,B,5,NQ9;TPO,TPO,inconsistent structure
7NDO,data set/pdb/7ndo.pdb,pdb,A,247,RAL,RAL,
1ZKY,data set/pdb/1zky.pdb,pdb,A,257,689;CME,689;CME,
6PSJ,data set/pdb/6psj.pdb,pdb,A,262,29S,29S,
5WGD,data set/pdb/5wgd.pdb,pdb,A,261,EST;NH2,EST,
2QE4,data set/pdb/2qe4.pdb,pdb,A,248,JJ3,JJ3,
1XP1,data set/pdb/1xp1.pdb,pdb,A,248,AIH,AIH,
1XQC,data set/pdb/1xqc.pdb,pdb,A,254,AEJ,AEJ,
2OCF,data set/pdb/2ocf.pdb,pdb,A,298,CME;EST,CME;EST,
8AQZ,data set/pdb/8aqz.pdb,pdb,B,5,NF9;TPO,TPO,inconsistent structure
6TJM,data set/pdb/6tjm.pdb,pdb,B,9,NE5;TPO,TPO,inconsistent structure
5DRM,data set/pdb/5drm.pdb,pdb,A,257,5ET,5ET,
6VGH,data set/pdb/6vgh.pdb,pdb,A,262,C3D,C3D,
5DK9,data set/pdb/5dk9.pdb,pdb,A,257,5CC,5CC,
5DIG,data set/pdb/5dig.pdb,pdb,A,257,5CE,5CE,
3UUC,data set/pdb/3uuc.pdb,pdb,A,251,0D1;CSO,0D1;CSO,
5TM2,data set/pdb/5tm2.pdb,pdb,A,257,7EO,7EO,
5TMS,data set/pdb/5tms.pdb,pdb,A,257,7FG,7FG,
5FQT,data set/pdb/5fqt.pdb,pdb,A,248,7QN,7QN,
5TMQ,data set/pdb/5tmq.pdb,pdb,A,257,7M7,7M7,
5FQV,data set/pdb/5fqv.pdb,pdb,A,248,VQI,VQI,
3UU7,data set/pdb/3uu7.pdb,pdb,A,251,2OH;CSO,2OH;CSO,
5TLU,data set/pdb/5tlu.pdb,pdb,A,257,7EE,7EE,
3UUA,data set/pdb/3uua.pdb,pdb,A,251,0CZ;CSO,0CZ;CSO,
5DIE,data set/pdb/5die.pdb,pdb,A,257,5CJ,5CJ,
8DUC,data set/pdb/8duc.pdb,pdb,A,255,TU9,TU9,
2AYR,data set/pdb/2ayr.pdb,pdb,A,248,L4G,L4G,
8AR5,data set/pdb/8ar5.pdb,pdb,B,5,NJI;TPO,TPO,inconsistent structure
8AS1,data set/pdb/8as1.pdb,pdb,B,5,NQL;TPO,TPO,inconsistent structure
9BQE,data set/pdb/9bqe.pdb,pdb,A,262,TV3,TV3,
4PP6,data set/pdb/4pp6.pdb,pdb,A,244,STL,STL,
4MG9,data set/pdb/4mg9.pdb,pdb,A,255,27K;CSO,27K;CSO,
3OSA,data set/pdb/3osa.pdb,pdb,A,258,KN3,KN3,
4Q50,data set/pdb/4q50.pdb,pdb,A,260,OHT,OHT,
5UFW,data set/pdb/5ufw.pdb,pdb,A,249,86V,86V,
5WGQ,data set/pdb/5wgq.pdb,pdb,A,261,EST;MK8;NH2,EST,
4MG8,data set/pdb/4mg8.pdb,pdb,A,255,27J;CSO,27J;CSO,
5ACC,data set/pdb/5acc.pdb,pdb,A,248,KE9,KE9,
8AR4,data set/pdb/8ar4.pdb,pdb,B,5,NG9;TPO,TPO,inconsistent structure
5DP0,data set/pdb/5dp0.pdb,pdb,A,257,5ES,5ES,
7R62,data set/pdb/7r62.pdb,pdb,A,249,3YJ,3YJ,
5DID,data set/pdb/5did.pdb,pdb,A,257,5CK,5CK,
8DV8,data set/pdb/8dv8.pdb,pdb,A,255,TZ3,TZ3,
8DUB,data set/pdb/8dub.pdb,pdb,A,255,TTU,TTU,
7UJF,data set/pdb/7ujf.pdb,pdb,A,263,R3V,R3V,
5TLT,data set/pdb/5tlt.pdb,pdb,A,257,7ED,7ED,
5TM1,data set/pdb/5tm1.pdb,pdb,A,257,7EQ,7EQ,
5TN9,data set/pdb/5tn9.pdb,pdb,A,257,7EC,7EC,
5TLG,data set/pdb/5tlg.pdb,pdb,A,257,7EG,7EG,
3UUD,data set/pdb/3uud.pdb,pdb,A,251,CSO;EST,CSO;EST,
5TMT,data set/pdb/5tmt.pdb,pdb,A,257,7FJ,7FJ,
5TM5,data set/pdb/5tm5.pdb,pdb,A,257,7EV,7EV,
5TLP,data set/pdb/5tlp.pdb,pdb,A,257,7EH;7ET,7EH,
5FQS,data set/pdb/5fqs.pdb,pdb,A,248,J0W,J0W,
6VPF,data set/pdb/6vpf.pdb,pdb,A,263,53Q,53Q,
8ARQ,data set/pdb/8arq.pdb,pdb,B,5,NKL;TPO,TPO,inconsistent structure
5DRJ,data set/pdb/5drj.pdb,pdb,A,257,5EU,5EU,
1XP6,data set/pdb/1xp6.pdb,pdb,A,248,AIU,AIU,
2G5O,data set/pdb/2g5o.pdb,pdb,A,257,CME;DRQ,CME;DRQ,
6PFM,data set/pdb/6pfm.pdb,pdb,A,280,OGJ,OGJ,
3HLV,data set/pdb/3hlv.pdb,pdb,A,253,J2Z,J2Z,
2BJ4,data set/pdb/2bj4.pdb,pdb,A,252,CCS;OHT,OHT,
6PIT,data set/pdb/6pit.pdb,pdb,A,262,EST;LOU;SCH,EST;SCH,
2POG,data set/pdb/2pog.pdb,pdb,A,248,WST,WST,
5N10,data set/pdb/5n10.pdb,pdb,C,15,C8L;TPO,C8L;TPO,inconsistent structure
4DMA,data set/pdb/4dma.pdb,pdb,A,247,0L8,0L8,
4JC3,data set/pdb/4jc3.pdb,pdb,B,11,TPO,TPO,inconsistent structure
7NFW,data set/pdb/7nfw.pdb,pdb,B,8,TPO,TPO,inconsistent structure
4PPS,data set/pdb/4pps.pdb,pdb,A,244,ESE,ESE,
7NEL,data set/pdb/7nel.pdb,pdb,A,247,EST,EST,
8ARG,data set/pdb/8arg.pdb,pdb,B,5,ND9;TPO,TPO,inconsistent structure
2OUZ,data set/pdb/2ouz.pdb,pdb,A,253,C3D,C3D,
7RNM,data set/pdb/7rnm.pdb,pdb,A,250,61Z,61Z,
5DI7,data set/pdb/5di7.pdb,pdb,A,257,5CQ,5CQ,
5FQR,data set/pdb/5fqr.pdb,pdb,A,248,QHG,QHG,
5TM4,data set/pdb/5tm4.pdb,pdb,A,257,7E3,7E3,
5TMU,data set/pdb/5tmu.pdb,pdb,A,257,7FL,7FL,
5TLF,data set/pdb/5tlf.pdb,pdb,A,257,7EF,7EF,
8DUG,data set/pdb/8dug.pdb,pdb,A,255,TVF,TVF,
7UJC,data set/pdb/7ujc.pdb,pdb,A,263,RAL,RAL,
6SUO,data set/pdb/6suo.pdb,pdb,A,252,LVH,LVH,
7PWZ,data set/pdb/7pwz.pdb,pdb,B,8,8CQ;TPO,TPO,inconsistent structure
5TN8,data set/pdb/5tn8.pdb,pdb,A,257,7G3,7G3,
5TLD,data set/pdb/5tld.pdb,pdb,A,257,6WV,6WV,
5FQP,data set/pdb/5fqp.pdb,pdb,A,248,GQD,GQD,
2QR9,data set/pdb/2qr9.pdb,pdb,A,258,HZ3,HZ3,
5TMW,data set/pdb/5tmw.pdb,pdb,A,257,7FP,7FP,
5TM6,data set/pdb/5tm6.pdb,pdb,A,257,7J9,7J9,
7UJ7,data set/pdb/7uj7.pdb,pdb,A,263,NYU,NYU,
7NFB,data set/pdb/7nfb.pdb,pdb,A,247,GEN,GEN,
8ARR,data set/pdb/8arr.pdb,pdb,B,5,NK6;TPO,TPO,inconsistent structure
1XPC,data set/pdb/1xpc.pdb,pdb,A,248,AIT,AIT,
7NIZ,data set/pdb/7niz.pdb,pdb,B,8,FSC;TPO;UGH,TPO,inconsistent structure
2IOG,data set/pdb/2iog.pdb,pdb,A,246,IOG,IOG,
3HM1,data set/pdb/3hm1.pdb,pdb,A,253,CME;J3Z,CME;J3Z,
2B1V,data set/pdb/2b1v.pdb,pdb,A,257,458;CME,458;CME,
6PET,data set/pdb/6pet.pdb,pdb,A,280,DMS;G9J;ODY,ODY,
2R6Y,data set/pdb/2r6y.pdb,pdb,A,248,LLC,LLC,
2YJA,data set/pdb/2yja.pdb,pdb,B,255,EST;MK8;NH2,EST,
1UOM,data set/pdb/1uom.pdb,pdb,A,254,PTI,PTI,
6CHZ,data set/pdb/6chz.pdb,pdb,A,263,F3D,F3D,
2QH6,data set/pdb/2qh6.pdb,pdb,A,258,ODE,ODE,
4PPP,data set/pdb/4ppp.pdb,pdb,A,244,FSV,FSV,
5TM7,data set/pdb/5tm7.pdb,pdb,A,257,7JY,7JY,
5TMV,data set/pdb/5tmv.pdb,pdb,A,257,7FO,7FO,
7UJW,data set/pdb/7ujw.pdb,pdb,A,263,R3V,R3V,
8DUS,data set/pdb/8dus.pdb,pdb,A,255,TWF,TWF,
8DUD,data set/pdb/8dud.pdb,pdb,A,255,TV3,TV3,
7PWT,data set/pdb/7pwt.pdb,pdb,B,8,PJN;TPO,TPO,inconsistent structure
5TN6,data set/pdb/5tn6.pdb,pdb,A,257,7G1,7G1,
5TML,data set/pdb/5tml.pdb,pdb,A,257,7E1,7E1,
7UJM,data set/pdb/7ujm.pdb,pdb,A,262,RL4,RL4,
8DUI,data set/pdb/8dui.pdb,pdb,A,255,TVX,TVX,
3ERD,data set/pdb/3erd.pdb,pdb,A,261,ACY;DES,DES,
5DKG,data set/pdb/5dkg.pdb,pdb,A,257,5C7,5C7,
8AQE,data set/pdb/8aqe.pdb,pdb,B,5,NE9;TPO,TPO,inconsistent structure
6CHW,data set/pdb/6chw.pdb,pdb,A,246,DMS;F3D,DMS;F3D,
1XP9,data set/pdb/1xp9.pdb,pdb,A,248,AIJ,AIJ,
2IOK,data set/pdb/2iok.pdb,pdb,A,254,IOK,IOK,
5KCC,data set/pdb/5kcc.pdb,pdb,A,257,OB1,OB1,
6WOK,data set/pdb/6wok.pdb,pdb,A,280,G9J;U6D,G9J;U6D,
5KCT,data set/pdb/5kct.pdb,pdb,A,257,OB6;OB7,OB7,
5U2D,data set/pdb/5u2d.pdb,pdb,A,257,OBH,OBH,
2B1Z,data set/pdb/2b1z.pdb,pdb,A,257,17M;CME,17M;CME,
5KCU,data set/pdb/5kcu.pdb,pdb,A,257,OB8,OB8,
3DT3,data set/pdb/3dt3.pdb,pdb,A,255,369,369,
4MGD,data set/pdb/4mgd.pdb,pdb,A,255,27N;CSO,27N;CSO,
2QGT,data set/pdb/2qgt.pdb,pdb,A,258,EED,EED,
5AAV,data set/pdb/5aav.pdb,pdb,A,252,GW5,GW5,
5TMZ,data set/pdb/5tmz.pdb,pdb,A,257,7FQ,7FQ,
8DUH,data set/pdb/8duh.pdb,pdb,A,255,TVL,TVL,
5TMM,data set/pdb/5tmm.pdb,pdb,A,257,7M4,7M4,
5TN7,data set/pdb/5tn7.pdb,pdb,A,257,7G2,7G2,
6VJD,data set/pdb/6vjd.pdb,pdb,A,249,C3D,C3D,
5DKS,data set/pdb/5dks.pdb,pdb,A,257,5C6,5C6,
5TN5,data set/pdb/5tn5.pdb,pdb,A,257,7G0,7G0,
5TMO,data set/pdb/5tmo.pdb,pdb,A,257,7M1,7M1,
7UJ8,data set/pdb/7uj8.pdb,pdb,A,262,OHT,OHT,
7UJY,data set/pdb/7ujy.pdb,pdb,A,263,RL4,RL4,
1HCQ,data set/pdb/1hcq.pdb,pdb,A,84,ZN,ZN,dna based
5TM9,data set/pdb/5tm9.pdb,pdb,A,257,7KL,7KL,
5KCW,data set/pdb/5kcw.pdb,pdb,A,257,OB9,OB9,
2R6W,data set/pdb/2r6w.pdb,pdb,A,248,LLB,LLB,
8BZB,data set/pdb/8bzb.pdb,pdb,B,5,GEH;SDM;TPO,TPO,inconsistent structure
5GTR,data set/pdb/5gtr.pdb,pdb,A,243,0JY;DPP;EST;IAS;NH2,EST,
2QGW,data set/pdb/2qgw.pdb,pdb,A,258,EES,EES,
5AAU,data set/pdb/5aau.pdb,pdb,A,252,XBR,XBR,
8AQ1,data set/pdb/8aq1.pdb,pdb,B,5,NJC;TPO,TPO,inconsistent structure
8AFN,data set/pdb/8afn.pdb,pdb,B,5,O6C;TPO,TPO,inconsistent structure
1HCP,data set/pdb/1hcp.pdb,pdb,A,76,ZN,ZN,dna based
5DKE,data set/pdb/5dke.pdb,pdb,A,257,5C8,5C8,
5TNB,data set/pdb/5tnb.pdb,pdb,A,257,7EB,7EB,
5TM8,data set/pdb/5tm8.pdb,pdb,A,257,7K6,7K6,
5T97,data set/pdb/5t97.pdb,pdb,A,254,782,782,
7UJO,data set/pdb/7ujo.pdb,pdb,A,263,QYM,QYM,
5TN4,data set/pdb/5tn4.pdb,pdb,A,257,7FZ,7FZ,
2QSE,data set/pdb/2qse.pdb,pdb,A,258,1HP,1HP,
8DUK,data set/pdb/8duk.pdb,pdb,A,255,TW6,TW6,
8DU9,data set/pdb/8du9.pdb,pdb,A,255,TT5,TT5,
5TLY,data set/pdb/5tly.pdb,pdb,A,257,7ER,7ER,
7KBS,data set/pdb/7kbs.pdb,pdb,A,263,RAL,RAL,
8DV5,data set/pdb/8dv5.pdb,pdb,A,255,TX9,TX9,
8AQC,data set/pdb/8aqc.pdb,pdb,B,5,NIB;TPO,TPO,inconsistent structure
8ARX,data set/pdb/8arx.pdb,pdb,B,5,NR6;TPO,TPO,inconsistent structure
8ARO,data set/pdb/8aro.pdb,pdb,B,5,NJR;TPO,TPO,inconsistent structure
4MGC,data set/pdb/4mgc.pdb,pdb,A,255,27M;CSO,27M;CSO,
2G44,data set/pdb/2g44.pdb,pdb,A,257,CME;T3O,CME;T3O,
5KCE,data set/pdb/5kce.pdb,pdb,A,257,OB3,OB3,
5U2B,data set/pdb/5u2b.pdb,pdb,A,257,6WV,6WV,
7SFO,data set/pdb/7sfo.pdb,pdb,A,250,98L,98L,
5KCD,data set/pdb/5kcd.pdb,pdb,A,257,OB2,OB2,
4MGB,data set/pdb/4mgb.pdb,pdb,A,255,CSO;XDH,CSO;XDH,
6SBO,data set/pdb/6sbo.pdb,pdb,A,260,L5B,L5B,
8ARY,data set/pdb/8ary.pdb,pdb,B,5,NQU;TPO,TPO,inconsistent structure
5TN1,data set/pdb/5tn1.pdb,pdb,A,257,7FR,7FR,
3ERT,data set/pdb/3ert.pdb,pdb,A,261,OHT,OHT,
5TLO,data set/pdb/5tlo.pdb,pdb,A,257,7EE,7EE,
2JFA,data set/pdb/2jfa.pdb,pdb,A,252,CCS;RAL,RAL,
5T92,data set/pdb/5t92.pdb,pdb,A,254,77W,77W,
8DVB,data set/pdb/8dvb.pdb,pdb,A,255,TZI,TZI,
5TLX,data set/pdb/5tlx.pdb,pdb,A,257,7EH;7G5,7EH;7G5,
8DU8,data set/pdb/8du8.pdb,pdb,A,255,TS7,TS7,
5DKB,data set/pdb/5dkb.pdb,pdb,A,257,5C9,5C9,
8AI0,data set/pdb/8ai0.pdb,pdb,B,5,M79;TPO,TPO,inconsistent structure
5TN3,data set/pdb/5tn3.pdb,pdb,A,257,7FS,7FS,
5TLM,data set/pdb/5tlm.pdb,pdb,A,257,7EM,7EM,
6HMU,data set/pdb/6hmu.pdb,pdb,B,8,GE8;TPO,TPO,inconsistent structure
8APS,data set/pdb/8aps.pdb,pdb,B,5,NJ3;TPO,TPO,inconsistent structure
4MG6,data set/pdb/4mg6.pdb,pdb,A,255,27G;CSO,27G;CSO,
3OS8,data set/pdb/3os8.pdb,pdb,A,258,CME;KN0,CME;KN0,
3Q95,data set/pdb/3q95.pdb,pdb,A,260,CME;ESL,CME;ESL,
5KCF,data set/pdb/5kcf.pdb,pdb,A,257,OB4;OB5,OB5,
2B23,data set/pdb/2b23.pdb,pdb,A,257,CME,CME,
7JHD,data set/pdb/7jhd.pdb,pdb,A,251,V9J,V9J,
4XI3,data set/pdb/4xi3.pdb,pdb,A,243,29S,29S,
5UFX,data set/pdb/5ufx.pdb,pdb,A,249,86Y,86Y,
1ERR,data set/pdb/1err.pdb,pdb,A,253,CCS;RAL,CCS;RAL,
1ERE,data set/pdb/1ere.pdb,pdb,A,253,EST,EST,
3OS9,data set/pdb/3os9.pdb,pdb,A,258,KN1,KN1,
4MG7,data set/pdb/4mg7.pdb,pdb,A,255,27H;CSO,27H;CSO,
4MGA,data set/pdb/4mga.pdb,pdb,A,255,27L;CSO,27L;CSO,
8ARZ,data set/pdb/8arz.pdb,pdb,B,5,NQ0;TPO,TPO,inconsistent structure
5TLL,data set/pdb/5tll.pdb,pdb,A,257,7EL,7EL,
8DV7,data set/pdb/8dv7.pdb,pdb,A,255,TXK,TXK,
5T0X,data set/pdb/5t0x.pdb,pdb,B,19,,,inconsistent structure
5DWJ,data set/pdb/5dwj.pdb,pdb,A,257,5J2,5J2,
8AV4,data set/pdb/8av4.pdb,pdb,B,5,O49;TPO,TPO,inconsistent structure
7RRY,data set/pdb/7rry.pdb,pdb,A,257,L84;YCM,L84;YCM,
8AUY,data set/pdb/8auy.pdb,pdb,B,5,O2X;TPO,TPO,inconsistent structure
6ZOR,data set/pdb/6zor.pdb,pdb,A,252,QNH,QNH,
2Q70,data set/pdb/2q70.pdb,pdb,A,248,DC8,DC8,
5DXR,data set/pdb/5dxr.pdb,pdb,A,257,5HW,5HW,
5DX3,data set/pdb/5dx3.pdb,pdb,A,261,5GM;EST;MK8;NH2,EST,
5DXE,data set/pdb/5dxe.pdb,pdb,A,261,EST;MK8;NH2;SCH,EST;SCH,
6DFN,data set/pdb/6dfn.pdb,pdb,A,280,G91;G9J,G9J,
4ZNS,data set/pdb/4zns.pdb,pdb,A,259,OFB,OFB,
5KRI,data set/pdb/5kri.pdb,pdb,A,257,6WM,6WM,
7TE7,data set/pdb/7te7.pdb,pdb,A,249,I0V,I0V,
8W03,data set/pdb/8w03.pdb,pdb,A,242,OBT;YCM,OBT;YCM,
1YIN,data set/pdb/1yin.pdb,pdb,A,248,CM3,CM3,
7OPW,data set/pdb/7opw.pdb,pdb,B,15,0AW;TPO,TPO,inconsistent structure
4O6F,data set/pdb/4o6f.pdb,pdb,B,11,PE8;SAH;ZN,,dna based; inconsistent structure
8EV1,data set/pdb/8ev1.pdb,pdb,A,257,WVR;WVW;YCM,WVR;WVW;YCM,
5KRH,data set/pdb/5krh.pdb,pdb,A,257,6WN,6WN,
3CBM,data set/pdb/3cbm.pdb,pdb,B,10,MLZ;SAH,MLZ,inconsistent structure
5W9C,data set/pdb/5w9c.pdb,pdb,A,249,OHT,OHT,
4IW8,data set/pdb/4iw8.pdb,pdb,A,247,KN3,KN3,
2QA6,data set/pdb/2qa6.pdb,pdb,A,258,KN2,KN2,
6ZOS,data set/pdb/6zos.pdb,pdb,A,252,QNK,QNK,
7RRX,data set/pdb/7rrx.pdb,pdb,A,257,7AI;YCM,7AI;YCM,
8AWG,data set/pdb/8awg.pdb,pdb,B,5,O4I;TPO,TPO,inconsistent structure
5DU5,data set/pdb/5du5.pdb,pdb,A,257,5G2,5G2,
7BA3,data set/pdb/7ba3.pdb,pdb,B,8,T5N;TPO,TPO,inconsistent structure
5DWI,data set/pdb/5dwi.pdb,pdb,A,257,5G3,5G3,
8AV7,data set/pdb/8av7.pdb,pdb,B,5,CSO;O4I;TPO,TPO,inconsistent structure
6TL3,data set/pdb/6tl3.pdb,pdb,B,9,CSO;NJW;TPO,TPO,inconsistent structure
7RRZ,data set/pdb/7rrz.pdb,pdb,A,257,77I;YCM,77I;YCM,
5DXQ,data set/pdb/5dxq.pdb,pdb,A,257,5HZ,5HZ,
6ZOQ,data set/pdb/6zoq.pdb,pdb,A,252,QNE,QNE,
6C42,data set/pdb/6c42.pdb,pdb,A,249,85M,85M,
2QAB,data set/pdb/2qab.pdb,pdb,A,258,EI1,EI1,
5DYB,data set/pdb/5dyb.pdb,pdb,A,257,5K2,5K2,
3CBO,data set/pdb/3cbo.pdb,pdb,B,10,MLZ;SAH,MLZ,inconsistent structure
5KRJ,data set/pdb/5krj.pdb,pdb,A,257,6WP,6WP,
5E1C,data set/pdb/5e1c.pdb,pdb,A,257,5K8,5K8,
5E15,data set/pdb/5e15.pdb,pdb,A,257,5KA,5KA,
1YIM,data set/pdb/1yim.pdb,pdb,A,248,CM4,CM4,
1PCG,data set/pdb/1pcg.pdb,pdb,A,244,DCY;EST,EST,
5E14,data set/pdb/5e14.pdb,pdb,A,257,5KB,5KB,
4Q13,data set/pdb/4q13.pdb,pdb,A,261,,,
6IAR,data set/pdb/6iar.pdb,pdb,A,237,H8W,H8W,
8EV2,data set/pdb/8ev2.pdb,pdb,A,257,LYQ;WVE,LYQ;WVE,
5EHJ,data set/pdb/5ehj.pdb,pdb,A,257,5K5,5K5,
5GS4,data set/pdb/5gs4.pdb,pdb,A,243,DNP;EST;IAS;NH2,EST,
5KRK,data set/pdb/5krk.pdb,pdb,A,257,6WQ,6WQ,
5DXG,data set/pdb/5dxg.pdb,pdb,A,261,EST;MH8;NH2;SCH,EST;SCH,
5DXP,data set/pdb/5dxp.pdb,pdb,A,257,5HX,5HX,
6HKF,data set/pdb/6hkf.pdb,pdb,B,8,G8T;TPO,TPO,inconsistent structure
5DMF,data set/pdb/5dmf.pdb,pdb,A,257,5DG,5DG,
8ANF,data set/pdb/8anf.pdb,pdb,B,5,N1R;TPO,TPO,inconsistent structure
5DL4,data set/pdb/5dl4.pdb,pdb,A,257,5C4,5C4,
6HKB,data set/pdb/6hkb.pdb,pdb,B,8,G8Q;TPO,TPO,inconsistent structure
7BAB,data set/pdb/7bab.pdb,pdb,B,8,T6W;TPO,TPO,inconsistent structure
5JMM,data set/pdb/5jmm.pdb,pdb,A,255,CSO;QSO,CSO;QSO,
5T1Z,data set/pdb/5t1z.pdb,pdb,A,250,Q97,Q97,
8C42,data set/pdb/8c42.pdb,pdb,B,8,SIT;TPO,TPO,inconsistent structure
4IU7,data set/pdb/4iu7.pdb,pdb,A,247,1GM,1GM,
5W9D,data set/pdb/5w9d.pdb,pdb,A,249,9XY,9XY,
5KRO,data set/pdb/5kro.pdb,pdb,A,257,6WW,6WW,
5KR9,data set/pdb/5kr9.pdb,pdb,A,257,CUE,CUE,
4ZNU,data set/pdb/4znu.pdb,pdb,A,259,4Q9,4Q9,
2LLQ,data set/pdb/2llq.pdb,pdb,B,19,,,inconsistent structure
5EGV,data set/pdb/5egv.pdb,pdb,A,257,5OS,5OS,
4ZNT,data set/pdb/4znt.pdb,pdb,A,259,OBB,OBB,
5DXB,data set/pdb/5dxb.pdb,pdb,A,261,66D;EST;MK8;NH2;SCH,EST;SCH,
8AV3,data set/pdb/8av3.pdb,pdb,B,5,O3T;TPO,TPO,inconsistent structure
5DTV,data set/pdb/5dtv.pdb,pdb,A,257,5FS,5FS,
5DUE,data set/pdb/5due.pdb,pdb,A,257,5FY,5FY,
7BA5,data set/pdb/7ba5.pdb,pdb,B,8,T5T;TPO,TPO,inconsistent structure
2QXS,data set/pdb/2qxs.pdb,pdb,A,258,CME;RAL,CME;RAL,
1X7R,data set/pdb/1x7r.pdb,pdb,A,245,GEN,GEN,
5DMC,data set/pdb/5dmc.pdb,pdb,A,257,5DH,5DH,
1X7E,data set/pdb/1x7e.pdb,pdb,A,245,244,244,
7B9M,data set/pdb/7b9m.pdb,pdb,B,8,T4W;TPO,TPO,inconsistent structure
5DLR,data set/pdb/5dlr.pdb,pdb,A,257,5DJ,5DJ,
7BAA,data set/pdb/7baa.pdb,pdb,B,8,T5Z;TPO,TPO,inconsistent structure
7BA7,data set/pdb/7ba7.pdb,pdb,B,8,T5W;TPO,TPO,inconsistent structure
5DUG,data set/pdb/5dug.pdb,pdb,A,257,5FV,5FV,
8AT9,data set/pdb/8at9.pdb,pdb,B,5,NUO;TPO,TPO,inconsistent structure
7RS9,data set/pdb/7rs9.pdb,pdb,A,257,7OI;YCM,7OI;YCM,
7WNV,data set/pdb/7wnv.pdb,pdb,A,259,2I9,2I9,
4IVY,data set/pdb/4ivy.pdb,pdb,A,247,1GT,1GT,
5DYD,data set/pdb/5dyd.pdb,pdb,A,257,5K1,5K1,
2FAI,data set/pdb/2fai.pdb,pdb,A,257,459;CME,459;CME,
5DZH,data set/pdb/5dzh.pdb,pdb,A,257,5KG,5KG,
5KRL,data set/pdb/5krl.pdb,pdb,A,257,6WR,6WR,
4ZN7,data set/pdb/4zn7.pdb,pdb,A,259,DES,DES,
4ZNV,data set/pdb/4znv.pdb,pdb,A,259,4Q7,4Q7,
2P15,data set/pdb/2p15.pdb,pdb,A,258,EZT,EZT,
7OQ7,data set/pdb/7oq7.pdb,pdb,B,15,09W;TPO,TPO,inconsistent structure
5E0W,data set/pdb/5e0w.pdb,pdb,A,257,5KE,5KE,
4ZNW,data set/pdb/4znw.pdb,pdb,A,259,OBM,OBM,
5KRM,data set/pdb/5krm.pdb,pdb,A,257,6WU,6WU,
5DZI,data set/pdb/5dzi.pdb,pdb,A,257,5KF,5KF,
5AK2,data set/pdb/5ak2.pdb,pdb,A,268,85Z,85Z,
7RS8,data set/pdb/7rs8.pdb,pdb,A,257,7EI;YCM,7EI;YCM,
7BA6,data set/pdb/7ba6.pdb,pdb,B,8,T5Q;TPO,TPO,inconsistent structure
2QZO,data set/pdb/2qzo.pdb,pdb,A,258,CME;KN1,CME;KN1,
