pdb_id,chain,ligand_code,er_state
8AM7,B,TPO,unknown
8ALR,B,TPO,unknown
5HYR,A,EST,agonist
7RKE,A,5VP,unknown
3L03,A,4OH,unknown
4IV4,A,1GS,unknown
4IWF,A,15Q,unknown
1GWR,A,EST,agonist
8B39,B,TPO,unknown
6B0F,A,C6V,unknown
1G50,A,EST,agonist
7QVL,A,GZI,unknown
5KRA,A,6WS,unknown
4JDD,B,TPO,unknown
5DZ3,A,5JX,unknown
5DXM,A,5J0,unknown
2Q6J,A,A48,unknown
7RS4,A,7I0,unknown
7RS4,A,YCM,unknown
6CZN,A,FNJ,unknown
6V8T,A,C6V,unknown
6V87,A,OHT,modulator (SERM)
7BA8,B,TPO,unknown
5DUH,A,5FT,unknown
5DVS,A,5G7,unknown
8AU2,B,TPO,unknown
8AUS,B,TPO,unknown
5DZ1,A,5JY,unknown
7N9O,A,5YR,antagonist
2I0J,A,I0G,agonist
5KRC,A,ZER,unknown
1R5K,A,GW5,unknown
4TV1,A,36M,unknown
4TV1,A,CSO,unknown
7OQ8,B,TPO,unknown
5E0X,A,5KD,unknown
5EI1,A,5OR,unknown
5KD9,A,OBT,unknown
4ZN9,A,OBH,unknown
2YAT,A,EEU,agonist
2YAT,A,EU,unknown
7Y8G,A,IAT,unknown
8AXU,B,TPO,unknown
5DZ0,A,5K0,unknown
4IVW,A,1GJ,unknown
7RS7,A,73I,unknown
7RS7,A,YCM,unknown
7BA9,B,TPO,unknown
7B9T,B,TPO,unknown
8ALT,B,TPO,unknown
6HHP,B,TPO,unknown
5DWE,A,5G5,unknown
5DVV,A,5G6,unknown
7RS3,A,7OR,unknown
7RS3,A,YCM,unknown
1SJ0,A,E4D,antagonist
4PXM,A,EST,agonist
6OWC,A,ND1,unknown
5DY8,A,5K4,unknown
6D0F,A,FYS,unknown
4IV2,A,1GR,unknown
2QA8,A,GEN,agonist
4IW6,A,1GU,unknown
7MSA,A,ZNM,unknown
5KRF,A,6WL,unknown
5EIT,A,5P1,unknown
5E19,A,5K7,unknown
7QVJ,A,H09,unknown
5DXK,A,5J1,unknown
4IUI,A,1GQ,unknown
6DF6,A,G8Y,antagonist
7RS2,A,7I5,unknown
7RS2,A,YCM,unknown
2QXM,A,PIQ,unknown
8AOY,B,TPO,unknown
6SQ0,A,LRQ,unknown
8ALW,B,TPO,unknown
1A52,A,EST,agonist
8AV8,B,TPO,unknown
7RS0,A,7I9,unknown
7RS0,A,YCM,unknown
4IWC,A,1GV,unknown
8AXE,B,TPO,unknown
4ZNH,A,OBC,unknown
4TUZ,A,36J,unknown
4TUZ,A,CSO,unknown
7T2X,A,EMY,unknown
6CBZ,A,EST,agonist
6CBZ,A,SCH,unknown
8ATP,B,TPO,unknown
7RS1,A,7Q5,unknown
7RS1,A,YCM,unknown
5DWG,A,5G4,unknown
8ALV,B,TPO,unknown
7B9R,B,TPO,unknown
5TLV,A,7ES,unknown
8DU6,A,TQF,unknown
5TMR,A,7FD,unknown
5TM3,A,7EN,unknown
2JF9,A,OHT,modulator (SERM)
8ARW,B,TPO,unknown
7NDO,A,RAL,modulator (SERM)
1ZKY,A,689,unknown
6PSJ,A,29S,modulator (SERM)
5WGD,A,EST,agonist
2QE4,A,JJ3,agonist
1XP1,A,AIH,modulator (SERM)
1XQC,A,AEJ,modulator (SERM)
2OCF,A,EST,agonist
8AQZ,B,TPO,unknown
6TJM,B,TPO,unknown
5DRM,A,5ET,unknown
6VGH,A,C3D,unknown
5DK9,A,5CC,unknown
5DIG,A,5CE,unknown
3UUC,A,0D1,unknown
3UUC,A,CSO,unknown
5TM2,A,7EO,unknown
5TMS,A,7FG,unknown
5FQT,A,7QN,antagonist
5TMQ,A,7M7,unknown
5FQV,A,VQI,antagonist
3UU7,A,2OH,unknown
3UU7,A,CSO,unknown
5TLU,A,7EE,unknown
3UUA,A,0CZ,unknown
3UUA,A,CSO,unknown
5DIE,A,5CJ,unknown
8DUC,A,TU9,unknown
2AYR,A,L4G,modulator (SERM)
8AR5,B,TPO,unknown
8AS1,B,TPO,unknown
9BQE,A,TV3,unknown
4PP6,A,STL,agonist
4MG9,A,27K,unknown
4MG9,A,CSO,unknown
3OSA,A,KN3,unknown
4Q50,A,OHT,modulator (SERM)
5UFW,A,86V,unknown
5WGQ,A,EST,agonist
4MG8,A,27J,unknown
4MG8,A,CSO,unknown
5ACC,A,KE9,unknown
8AR4,B,TPO,unknown
5DP0,A,5ES,unknown
7R62,A,3YJ,unknown
5DID,A,5CK,unknown
8DV8,A,TZ3,unknown
8DUB,A,TTU,unknown
7UJF,A,R3V,antagonist
5TLT,A,7ED,unknown
5TM1,A,7EQ,unknown
5TN9,A,7EC,unknown
5TLG,A,7EG,unknown
3UUD,A,CSO,unknown
3UUD,A,EST,agonist
5TMT,A,7FJ,unknown
5TM5,A,7EV,unknown
5TLP,A,7EH,unknown
5FQS,A,J0W,antagonist
6VPF,A,53Q,modulator (SERM)
8ARQ,B,TPO,unknown
5DRJ,A,5EU,unknown
1XP6,A,AIU,modulator (SERM)
2G5O,A,DRQ,unknown
6PFM,A,OGJ,unknown
3HLV,A,J2Z,unknown
2BJ4,A,OHT,modulator (SERM)
6PIT,A,EST,agonist
6PIT,A,SCH,unknown
2POG,A,WST,agonist
5N10,C,C8L,unknown
5N10,C,TPO,unknown
4DMA,A,0L8,unknown
4JC3,B,TPO,unknown
7NFW,B,TPO,unknown
4PPS,A,ESE,unknown
7NEL,A,EST,agonist
8ARG,B,TPO,unknown
2OUZ,A,C3D,unknown
7RNM,A,61Z,unknown
5DI7,A,5CQ,unknown
5FQR,A,QHG,antagonist
5TM4,A,7E3,unknown
5TMU,A,7FL,unknown
5TLF,A,7EF,unknown
8DUG,A,TVF,unknown
7UJC,A,RAL,modulator (SERM)
6SUO,A,LVH,unknown
7PWZ,B,TPO,unknown
5TN8,A,7G3,unknown
5TLD,A,6WV,unknown
5FQP,A,GQD,antagonist
2QR9,A,HZ3,unknown
5TMW,A,7FP,unknown
